id,variable,conflicting_values_with_sources,status_or_note
C01,Delhi MSW processing capacity (TPD),"8173 (P02, CPCB/NGT citing DPCC 24-25); 7750 (P17, IMPRI citing DPCC 24-25); 7641 (P19, press survey); 8566 (P26, Praja 2023)",Unresolved. Open DPCC AR FY2024-25 table to settle.
C02,Delhi MSW processed (TPD),7611 (P01-P03) vs 7460.3 (P19),Unresolved; may be different years.
C03,Delhi MSW generation (TPD),"11852 (P01); 11500 (P24); 11108 (P07, FY21-22); 11144 (P13, undated); 11000 and 10800 (P25/P26, 2023)","Mostly year differences; P19 percentages imply about 11,860, consistent with P01."
C04,Waste to dumpsites (TPD),"4241 (P04); ~4700 (P24); 5828 (P08, FY21-22)",Year and definition differences likely (rejects vs fresh waste).
C05,Legacy-waste totals (not used in MVP),Tribune item states 280 LMT total but lists 40+80+60 = 180 LMT,Source-internal inconsistency; excluded.
C06,Narela-Bawana WTE capacity (TPD),"1300 (P24); 2000 (P11, P14 operational); 4000 developed (P14); 2500 in an older Tribune item",Integrated facility vs WTE unit may be conflated. Unresolved.
C07,Okhla WTE capacity (TPD),1950 (P10) vs 1550 (P24); 2950 planned (P21),Unresolved.
C08,Ghazipur WTE capacity (TPD),"1300 (P12, P24); older items mention 1500 and 1900-2500 expansions",Use 1300 only after PDF check.
C09,Number of WTE plants,"3 plants, 4550 TPD (P09); 4 plants (P24 with Tehkhand, P26)",Tehkhand status drives this.
C10,Praja internal + coincident 7750,P26 says 3 WTE at 4550 and also 4 WTE at 7750; 7750 also appears as IMPRI total capacity (P17) and NGT planned augmentation (P05),Possible number confusion across sources. Do not use 7750 until traced to the DPCC table.
C11,Material recovery facilities,"156 at 253 TPD (P26); 260 total, 157 functional (P18); 293 TPD (P20)",Different years/definitions.
C12,Composting capacity,231 composters (P26); 257 pits at 558 TPD (P20),Unresolved.
C13,NDMC generation year,"280 TPD (P27), year unstated",Needs a dated source.
C14,Residue share of WTE input,"~10% fly ash (P29) vs ~25% ash (older Deccan Herald item, not logged)",Needed for landfill-diversion maths; resolve from plant EIA or DPCC.
C15,"Narela-Bawana WTE capacity, extended","1300 (P34 table; also implied by the 6550 total in P35); 2000 (P33, P34 text); 2300 (U2, unlocated); 2500 (P38; also the value that makes Praja's four-plant 7750 add up: 7750-1950-1300-2000)",Four values in circulation. Integrated facility (4000) vs WTE unit is likely conflated. Blocks use.
C16,Tribune plant list vs its own total,"Components 1300+1550+2000+1300 = 6150, stated total 6550; 6550 also = 1950+1300+2000+1300",SUPERSEDED by C23: my earlier 'likely typo' inference is withdrawn now that a 2025-26 table (per user) also lists 1550.
C17,East/North/South split vs total (U1),2600+4500+3600 = 10700 vs 'about 11000',Unlocated; ~300 TPD unaccounted. Year unknown.
C18,Ghazipur WTE operating status,Shut for revamp from 09.11.2021 (P34); overhaul plan to process 1500 (older Tribune item); listed operating at 1300 in Mayor statement (P24); authorised 1300 vs built 2000 (P36),Capacity 1300 is consistent; operating status now is unresolved.
C19,Bawana capacity inside one DPCC report,"1300 in WTE table vs 2000 in text of same AR 2021-22 (P34, P11); DPCC 30.09.2020 status says 2000 (P33)","Same publisher, conflicting values."
C20,City capacity by year,8224.5 (Economic Survey 2023-24 via P35); 7641 (Economic Survey 2025-26 via P32); 8173 (P02),Probably year and scope differences; do not mix years.
C21,Possible current-load data cannot be attributed,P33 excerpt has a vector 2400/1850/700/272/37 = 5259 TPD; P39 has 2363/1845/1797.6/929.7 = 6935.3,Labels missing. Not used as load. Need the PDFs.
C22,"MCD generation, Economic Survey 2025-26 internal conflict","11500 (Statement 8.4, S01) vs 12500 (other section, S21, statement unspecified)","Baseline marked CURRENT_OFFICIAL_WITH_INTERNAL_CONFLICT. Snapshot uses 11500 because Statement 8.4 is the authority-wise generation table, it sums to the 11862 total (D2) and press corroborates it. 12500 cannot sum to 11862. Choice is provisional."
C23,Okhla WTE capacity,"1550 (Statement 14.10, S08; MCD Mayor press) vs 1950 (DPCC 30.09.2020 and FY2021-22, historical)",Snapshot uses 1550 as the facility-capacity table for 2025-26. Historical 1950 stays in reference. Not resolved: 1550 breaks the 6550 total (C24).
C24,Statement 14.10 WTE items vs survey WTE total,1550+2400+1300+2000 = 7250 vs 6550 reported for four WTE (M02),"RECLASSIFIED (not a conflict to resolve): 7250 (facility_subset sum) is a subset total; 7641 (city installed_capacity_tpd) is a separate city-level reported metric. They are not expected to be equal -- the city figure includes capacity outside the 4-facility subset (decentralised processing, any unlisted facilities). Retained here only to flag that the gap (391 TPD) should not be misread as a data error."
C25,Narela-Bawana capacity in 2025-26,"2400 (S09) vs 2300 (unlocated MCD advisory U2) vs 1300/2000/2500 (historical, C15)","Snapshot uses 2400 (dated 2025-26). 2300 is undated and unlocated, kept in reference."
C26,Decentralised capacity in the same survey,"Statement 14.10 (per user): composters 20, pits 20, MRFs 252 TPD vs press: 257 pits at 558 TPD, MRFs 293 TPD (M02)","Two distinct metrics now separated in network_2025_26.json: INSTALLED CAPACITY (composters 20, pits 20, MRF 252, Statement 14.10) vs REPORTED THROUGHPUT (pits 558, MRF 293, press citing the survey's decentralised section). Not combined. Whether these describe the same facility set at different times, or different facility counts, is unresolved."
C27,City capacity vs components,7641 vs 7542 (Statement 14.10 items) or 7401 (press items),"City capacity (7641) vs facility_subset (7250) + installed decentralised (20+20+252=292) = 7542, a 99 TPD gap, still not reconciled -- but see C24: exact reconciliation may not be meaningful given differing scopes/definitions across tables. Not treated as an error requiring correction."
C28,Proposed additional capacity,7750 total vs 1650 in the items seen (S15-S17); press items reach 7650,"Named proposed projects (Tehkhand +1000, Okhla Bio-CNG 300, Ghazipur CBG 350 = 1650) vs reported TOTAL_PROPOSED_ADDITIONAL_CAPACITY 7750. Gap of ~6100 TPD is unattributed. LocalLoop does not attempt to reconstruct the total from the incomplete project list (dataset field renamed accordingly)."
C29,OKHLA_COMPOST status/capacity provenance,Downgraded from an assumed 'closed' status to PENDING_VERIFICATION,"The 'closed, 200 TPD' description came from context around the Bio-CNG proposal (S16), not confirmed as the official table's own status field for the compost plant. Needs the exact statement wording."
