id,source,document,url,year_or_date,variable,value,unit,reported_or_derived,label,evidence_status,notes,dataset_role
P01,"CPCB (affidavit to NGT, OA 342/2025) citing DPCC Annual Report SWM",CPCB reply before NGT,"https://www.greentribunal.gov.in/sites/default/files/news_updates/Reply%20on%20behalf%20of%20CPCB%20in%20OA%20No%20342%20of%202025%20(NEWS%20ITEM%20TITLED%20WE%20CAN%20SMELL%20IT%20EVEN%20INSIDE%20OUR%20HOMES,%20SOUTHEAST%20DELHI%20LOCALITIES%20CHOKE%20ON%20GARBAGE%20APPEARING%20IN%20THE%20INDIAN%20EXPRESS).pdf",FY2024-25,"MSW generation, Delhi",11852,TPD,reported,OBSERVED,PRIMARY-EXCERPT,,HISTORICAL_REFERENCE
P02,same as P01,same,"https://www.greentribunal.gov.in/sites/default/files/news_updates/Reply%20on%20behalf%20of%20CPCB%20in%20OA%20No%20342%20of%202025%20(NEWS%20ITEM%20TITLED%20WE%20CAN%20SMELL%20IT%20EVEN%20INSIDE%20OUR%20HOMES,%20SOUTHEAST%20DELHI%20LOCALITIES%20CHOKE%20ON%20GARBAGE%20APPEARING%20IN%20THE%20INDIAN%20EXPRESS).pdf",FY2024-25,"MSW processing capacity, Delhi",8173,TPD,reported,OBSERVED,PRIMARY-EXCERPT,"Conflicts with P17, P19 (see conflicts.csv C01)",HISTORICAL_REFERENCE
P03,same as P01,same,"https://www.greentribunal.gov.in/sites/default/files/news_updates/Reply%20on%20behalf%20of%20CPCB%20in%20OA%20No%20342%20of%202025%20(NEWS%20ITEM%20TITLED%20WE%20CAN%20SMELL%20IT%20EVEN%20INSIDE%20OUR%20HOMES,%20SOUTHEAST%20DELHI%20LOCALITIES%20CHOKE%20ON%20GARBAGE%20APPEARING%20IN%20THE%20INDIAN%20EXPRESS).pdf",FY2024-25,"MSW processed, Delhi",7611,TPD (64.2%),reported,OBSERVED,PRIMARY-EXCERPT,Conflicts with P19 (C02),HISTORICAL_REFERENCE
P04,same as P01,same,"https://www.greentribunal.gov.in/sites/default/files/news_updates/Reply%20on%20behalf%20of%20CPCB%20in%20OA%20No%20342%20of%202025%20(NEWS%20ITEM%20TITLED%20WE%20CAN%20SMELL%20IT%20EVEN%20INSIDE%20OUR%20HOMES,%20SOUTHEAST%20DELHI%20LOCALITIES%20CHOKE%20ON%20GARBAGE%20APPEARING%20IN%20THE%20INDIAN%20EXPRESS).pdf",FY2024-25,"Disposed at dumpsites (Bhalswa, Ghazipur)",4241,TPD (35.8%),reported,OBSERVED,PRIMARY-EXCERPT,Arithmetic check P01-P03=4241 passes (P30),HISTORICAL_REFERENCE
P05,same as P01,same,"https://www.greentribunal.gov.in/sites/default/files/news_updates/Reply%20on%20behalf%20of%20CPCB%20in%20OA%20No%20342%20of%202025%20(NEWS%20ITEM%20TITLED%20WE%20CAN%20SMELL%20IT%20EVEN%20INSIDE%20OUR%20HOMES,%20SOUTHEAST%20DELHI%20LOCALITIES%20CHOKE%20ON%20GARBAGE%20APPEARING%20IN%20THE%20INDIAN%20EXPRESS).pdf",2025-2028,Additional processing capacity envisaged,7750,TPD,reported,OBSERVED,PRIMARY-EXCERPT,"Same number as P17/P24 total capacity; possible confusion, C10",HISTORICAL_REFERENCE
P07,DPCC Annual Report SWM (Form V),AR 2021-22,https://www.dpcc.delhigovt.nic.in/uploads/pdf/AnnualReportSWM2021-2022pdf-dac617c79a20231c748458e59c29f441.pdf,FY2021-22,"MSW generation, Delhi",11108,TPD,reported,OBSERVED,PRIMARY-EXCERPT,100% reported collected,HISTORICAL_REFERENCE
P08,DPCC AR 2021-22,AR 2021-22,https://www.dpcc.delhigovt.nic.in/uploads/pdf/AnnualReportSWM2021-2022pdf-dac617c79a20231c748458e59c29f441.pdf,FY2021-22,"Dumped waste, Delhi",5828,TPD (52.5%),reported,OBSERVED,PRIMARY-EXCERPT,Excludes 450 TPD rejects landfilled at Bawana engineered landfill,HISTORICAL_REFERENCE
P09,DPCC AR 2021-22,AR 2021-22,https://www.dpcc.delhigovt.nic.in/uploads/pdf/AnnualReportSWM2021-2022pdf-dac617c79a20231c748458e59c29f441.pdf,FY2021-22,"Waste-to-energy plants, count and total capacity",3 plants / 4550,count / TPD,reported,OBSERVED,PRIMARY-EXCERPT,"Conflicts with 4-plant figures, C09",HISTORICAL_REFERENCE
P10,DPCC AR 2021-22,AR 2021-22,https://www.dpcc.delhigovt.nic.in/uploads/pdf/AnnualReportSWM2021-2022pdf-dac617c79a20231c748458e59c29f441.pdf,FY2021-22,Timarpur-Okhla WTE capacity / power,1950 / 23,TPD / MW,reported,OBSERVED,PRIMARY-EXCERPT,Table fragment seen,HISTORICAL_REFERENCE
P11,DPCC AR 2021-22,AR 2021-22,https://www.dpcc.delhigovt.nic.in/uploads/pdf/AnnualReportSWM2021-2022pdf-dac617c79a20231c748458e59c29f441.pdf,FY2021-22,Narela-Bawana integrated facility WTE capacity / power,2000 / 24,TPD / MW,reported,OBSERVED,PRIMARY-EXCERPT,Same DPCC AR 2021-22 also shows Bawana WTE = 1300 in its 4550 table (P34). Same-document conflict: C06/C19,HISTORICAL_REFERENCE
P12,DPCC,Status of SWM in Delhi (year not stated in excerpt),https://dpcc.delhigovt.nic.in/uploads/pdf/Status-of-Solid-Waste-Management-in-Delhipdf-83e80619a099843e1cb437a00af5c09d.pdf,as on 30.09.2020,East Delhi Waste Processing Co. (Ghazipur) capacity,1300,TPD,reported,OBSERVED,PRIMARY-EXCERPT,"Dated by P33 (same DPCC status document); adjacent token '12' presumably MW, unlabelled, not used",HISTORICAL_REFERENCE
P13,DPCC,Status of SWM in Delhi,https://dpcc.delhigovt.nic.in/uploads/pdf/Status-of-Solid-Waste-Management-in-Delhipdf-83e80619a099843e1cb437a00af5c09d.pdf,as on 30.09.2020,MSW generation / existing processing facilities,11144 / 5497.175,TPD,reported,OBSERVED,PRIMARY-EXCERPT,Dated by P33; gap 5646.825 also reported,HISTORICAL_REFERENCE
P14,"Govt of NCT Delhi, Dept of Environment",Waste Management web page,https://environment.delhi.gov.in/environment/waste-management,undated page,Narela-Bawana integrated plant developed / operational,4000 / 2000,TPD,reported,OBSERVED,PRIMARY-EXCERPT,,HISTORICAL_REFERENCE
P15,"Govt of NCT Delhi, Dept of Environment",Waste Management web page,https://environment.delhi.gov.in/environment/waste-management,undated page,Okhla compost plant (IL&FS),200,TPD,reported,OBSERVED,PRIMARY-EXCERPT,,HISTORICAL_REFERENCE
P16,"Govt of NCT Delhi, Dept of Environment",Waste Management web page,https://environment.delhi.gov.in/environment/waste-management,undated page,Landfill commissioning year: Bhalswa / Ghazipur / Okhla,1994 / 1984 / 1996,year,reported,OBSERVED,PRIMARY-EXCERPT,,HISTORICAL_REFERENCE
P17,IMPRI (analysis citing DPCC AR 2024-25),SWM Rules 2026 readiness,https://www.impriindia.com/insights/policy-update/solid-waste-management-rules-2026-examining-indias-implementation-readiness/,FY2024-25,"Total MSW processing capacity, Delhi",7750,TPD,reported,OBSERVED,SECONDARY,Conflicts with P02 (C01),HISTORICAL_REFERENCE
P18,IMPRI citing DPCC AR 2024-25,same,https://www.impriindia.com/insights/policy-update/solid-waste-management-rules-2026-examining-indias-implementation-readiness/,FY2024-25,"Bio-methanation plants (5 TPD each, non-operational) / MRFs total vs functional",8 / 260 vs 157,count,reported,OBSERVED,SECONDARY,C11,HISTORICAL_REFERENCE
P19,"Delhi Economic Survey 2025-26 (GNCTD), as reported by Daily Pioneer / Hans India",Press report,https://dailypioneer.com/news/delhi-faces-4200-tonne-daily-waste-processing-gap,~2026 (not stated),Installed capacity / processed,7641 / 7460.3,TPD,reported,OBSERVED,PRESS,"Identify the survey; C01, C02; survey now identified as Delhi Economic Survey 2025-26; official document itself not opened",HISTORICAL_REFERENCE
P20,"Delhi Economic Survey 2025-26 (GNCTD), as reported by Daily Pioneer / Hans India",same,https://dailypioneer.com/news/delhi-faces-4200-tonne-daily-waste-processing-gap,~2026 (not stated),Decentralised: compost pits / MRF throughput,257 pits at 558 / 293,count-TPD / TPD,reported,OBSERVED,PRESS,"C11, C12; survey now identified as Delhi Economic Survey 2025-26; official document itself not opened",HISTORICAL_REFERENCE
P21,"Delhi Economic Survey 2025-26 (GNCTD), as reported by Daily Pioneer / Hans India",same,https://dailypioneer.com/news/delhi-faces-4200-tonne-daily-waste-processing-gap,plans to 2027-28,Planned: Narela-Bawana 3000 (Dec 2027); Ghazipur 2000 (Dec 2028); Okhla and Tehkhand +1000 each to 2950 / 3000,see value,TPD,reported,OBSERVED,PRESS,"Plan, not existing capacity; survey now identified as Delhi Economic Survey 2025-26; official document itself not opened",HISTORICAL_REFERENCE
P22,Tribune (MCD Mayor announcement),Press report,https://www.tribuneindia.com/news/delhi/mc-to-set-up-4-new-waste-processing-plants-to-end-landfill-crisis-says-mayor,date not in excerpt,"Proposed new plants: Bhalswa 1800, Singhola 700, Okhla 1400, Narela-Bawana 1200 (total 5100)",5100,TPD,reported,OBSERVED,PRESS,Technology not stated,HISTORICAL_REFERENCE
P23,Tribune (MCD Mayor announcement),same,https://www.tribuneindia.com/news/delhi/mc-to-set-up-4-new-waste-processing-plants-to-end-landfill-crisis-says-mayor,date not in excerpt,Estimated total cost of the four plants,361.42,Rs crore,reported,OBSERVED,PRESS,Aggregate only,HISTORICAL_REFERENCE
P24,Tribune (MCD Mayor announcement),same,https://www.tribuneindia.com/news/delhi/mc-to-set-up-4-new-waste-processing-plants-to-end-landfill-crisis-says-mayor,date not in excerpt,"Existing WTE: Narela-Bawana 1300, Okhla 1550, Tehkhand 2000, Ghazipur 1300 (total 6550); generation ~11500; dumped ~4700",6550,TPD,reported,OBSERVED,PRESS,"C03, C06, C07, C09",HISTORICAL_REFERENCE
P25,Praja Foundation citing DPCC/MCD,Civic Issues in Delhi 2023,https://www.praja.org/praja_docs/praja_downloads/Report%20on%20The%20Status%20of%20Civic%20Issues%20in%20Delhi%202023.pdf,Feb 2023,"Composition: wet 4400 (40%); dry non-recyclable 5280; recyclable 1320, of 11000 TPD",40% wet,share,reported,OBSERVED,SECONDARY,,HISTORICAL_REFERENCE
P26,Praja Foundation,same,https://www.praja.org/praja_docs/praja_downloads/Report%20on%20The%20Status%20of%20Civic%20Issues%20in%20Delhi%202023.pdf,2023,MRFs 156 at 253 TPD; composters 231; total capacity 8566; WTE 7750 (4 plants); decentralised 816,see value,mixed,reported,OBSERVED,SECONDARY,"Internal inconsistency vs its own '3 WTE at 4550', C10",HISTORICAL_REFERENCE
P27,Tribune,SWM in Delhi calls for urgent action,https://www.tribuneindia.com/news/delhi/solid-waste-mgmt-in-delhi-calls-for-urgent-action,not stated (2023?),NDMC area MSW generation,280,TPD,reported,OBSERVED,PRESS,Processing capacity said to exceed generation,HISTORICAL_REFERENCE
P28,Hindustan Times,Narela gets India's largest WTE plant,https://www.pressreader.com/india/hindustan-times-delhi/20170311/281608125235828,2017-03-11,Mandated discom purchase price for WTE power,7.08,Rs/kWh,reported,OBSERVED,PRESS,Dated; verify current tariff,HISTORICAL_REFERENCE
P29,Deccan Herald (DMSWSL official),WTE plant set to roll,https://www.deccanherald.com/archives/waste-energy-plant-set-roll-2264003,"archive, undated",Bawana WTE power production cost; fly ash share of MSW,6.57 ; ~10%,Rs/kWh ; %,reported,OBSERVED,PRESS,"Conflicts with ~25% ash figure in older DH item, C14",HISTORICAL_REFERENCE
P30,LocalLoop (arithmetic check),P01-P03,"https://www.greentribunal.gov.in/sites/default/files/news_updates/Reply%20on%20behalf%20of%20CPCB%20in%20OA%20No%20342%20of%202025%20(NEWS%20ITEM%20TITLED%20WE%20CAN%20SMELL%20IT%20EVEN%20INSIDE%20OUR%20HOMES,%20SOUTHEAST%20DELHI%20LOCALITIES%20CHOKE%20ON%20GARBAGE%20APPEARING%20IN%20THE%20INDIAN%20EXPRESS).pdf",FY2024-25,11852-7611 = 4241 and 7611/11852 = 64.2%,pass,check,derived,DERIVED,n/a,"Validates internal consistency of P01,P03,P04 only",HISTORICAL_REFERENCE
P31,LocalLoop,from P23 / P22,,n/a,Aggregate capex proxy = 361.42 crore / 5100 TPD,708667,Rs per TPD (~Rs 7.09 lakh),derived,DERIVED,n/a,Average across unspecified technologies; not per-technology capex,HISTORICAL_REFERENCE
P32,Delhi Economic Survey 2025-26 (GNCTD) via Pioneer/Hans India,Economic Survey 2025-26,https://www.thehansindia.com/news/national/delhi-processes-only-about-63-of-its-daily-waste-says-eco-survey-1059057,FY2025-26,Generation 11862 (MCD ~11500; NDMC 300; Cantonment 62); capacity 7641; processed 7460.3 (62.9%); collection 100%,see value,TPD,reported,OBSERVED,PRESS,Best dated recent city snapshot; not split by erstwhile North/East/South,PRIMARY_2025_26_CORROBORATION
P33,DPCC,Status of SWM in Delhi as on 30.09.2020,https://dpcc.delhigovt.nic.in/uploads/pdf/Status-of-Solid-Waste-Management-in-Delhipdf-83e80619a099843e1cb437a00af5c09d.pdf,as on 30.09.2020,"3 operational WTE 5250 TPD / 59 MW (Okhla 1950, Ghazipur 1300, Bawana 2000); compost 900 (Okhla 200 + 700 of 2000 at Bawana integrated); 6 biomethanation 30 TPD; 19 decentralised composters 17.175 TPD; total 5497.175; generation 11144",see value,TPD,reported,OBSERVED,PRIMARY-EXCERPT,"Dated, internally consistent snapshot (generation and facility capacity); no N/E/S split seen",HISTORICAL_REFERENCE
P34,DPCC AR 2021-22,AR 2021-22,https://www.dpcc.delhigovt.nic.in/uploads/pdf/AnnualReportSWM2021-2022pdf-dac617c79a20231c748458e59c29f441.pdf,FY2021-22,"WTE table: Bawana 1300, Okhla 1950, Ghazipur 1300 = 4550 TPD; Ghazipur WTE shut for revamp w.e.f. 09.11.2021; Tehkhand 2000 TPD under construction; Okhla WTE receives ~1950 MTD from South DMC",see value,TPD,reported,OBSERVED,PRIMARY-EXCERPT,Same report also says Bawana WTE 2000 TPD / 24 MW (P11),HISTORICAL_REFERENCE
P35,EAC-PM Working Paper citing Delhi Economic Survey 2023-24,Challenges of SWM in India,https://eacpm.gov.in/wp-content/uploads/2024/05/Solid_Waste_management_Updated.pdf,FY2023-24,"Four WTE (Okhla, Ghazipur, Narela, Tehkhand) 6550 TPD; total capacity 8224.5 TPD (72.3% of generation); MCD generation ~11000",see value,TPD,reported,OBSERVED,SECONDARY,Official PM-advisory paper quoting the survey,HISTORICAL_REFERENCE
P36,Hindustan Times,Ghazipur WtE plant to start this month,https://www.pressreader.com/india/hindustan-times-delhi/20161010/281655369585177,2016-10-10,Ghazipur WTE: DPCC authorised 1300 TPD / 12 MW; built for 2000 TPD,1300 authorised; 2000 built,TPD,reported,OBSERVED,PRESS,Explains 1300 vs 2000 for Ghazipur,HISTORICAL_REFERENCE
P37,Hindustan Times,Ghazipur plant to process more waste,https://www.pressreader.com/india/hindustan-times-gurugram/20171013/281608125658782,2017-10-13,"EDMC generation 2800; sent 1300 to Ghazipur WTE, 500 to Okhla WTE, 1000 dumped",2800,TPD,reported,OBSERVED,PRESS,2017 flows; East to Okhla is a real cross-jurisdiction flow,HISTORICAL_REFERENCE
P38,Tribune (SDMC officials),Delhi's garbage mountain,https://www.tribuneindia.com/news/delhi/delhis-garbage-mountain-civic-bodies-plan-to-flatten-landfill-sites-in-their-areas-319618,~2022 (date not in excerpt),"South Delhi generation ~3600 TPD, ~50% processed by SDMC; North MCD WTE at Bawana said to process 2500 TPD",3600 ; 2500,TPD,reported,OBSERVED,PRESS,Loosely corroborates South figure; year not certain,HISTORICAL_REFERENCE
P39,GNCTD Dept of Environment presentation,"SWM presentation (undated, ~2023)",https://www.dpcc.delhigovt.nic.in/uploads/pdf/SWMCPPT1pdf-0580c09121d08b4d24f254273ace8fc7.pdf,not stated,"Zone-wise generation across 12 zones / 250 wards, 11000 TPD; total generation 11328; MCD capacity 7813 + 253 MRF = 8066; average processing 6935.4; gap 3507 (32%); four unlabelled plant-like averages 2363 / 1845 / 1797.6 / 929.7 (sum 6935.3)",see value,TPD,reported,OBSERVED,PRIMARY-EXCERPT,Zone values and averages appear in the excerpt but column labels are lost; NOT attributable to zones or plants; need PDF,HISTORICAL_REFERENCE
U1,User-supplied (MCD project document),NOT LOCATED by me,,not stated,~11000 TPD collected across 12 zones; erstwhile East 2600 / North 4500 / South 3600,see value,TPD,reported (per user),UNVERIFIED,USER-REPORTED-UNLOCATED,"3 parts sum to 10700, not 11000 (C17)",HISTORICAL_REFERENCE
U2,User-supplied (MCD WTE advisory),NOT LOCATED by me,,not stated,Narela-Bawana ~2300; Timarpur-Okhla ~1950; Ghazipur ~1300; Tehkhand ~2000,see value,TPD,reported (per user),UNVERIFIED,USER-REPORTED-UNLOCATED,"Okhla, Ghazipur, Tehkhand agree with DPCC excerpts; Narela-Bawana 2300 is a third value (C06)",HISTORICAL_REFERENCE
U3,User-supplied (GNCTD report),NOT LOCATED by me,,not stated,Historical generation and processing for erstwhile North/South/East corporations,n/a,TPD,reported (per user),UNVERIFIED,USER-REPORTED-UNLOCATED,Could supply dated N/E/S series if located,HISTORICAL_REFERENCE
S01,"GNCTD Planning Dept, Economic Survey of Delhi 2025-26",Statement 8.4,https://delhiplanning.delhi.gov.in/sites/default/files/2026-03/economic_survey_english_0.pdf,FY2025-26 (presented Mar 2026),MCD MSW generation,11500,TPD,reported (per user),OBSERVED,USER-VERIFIED-OFFICIAL-PDF (assistant could not open it: site disallows automated access),"Press corroboration: M01, P32; another section reports 12500 (S21, C22)",PRIMARY_2025_26
S02,"GNCTD Planning Dept, Economic Survey of Delhi 2025-26",Statement 8.4,https://delhiplanning.delhi.gov.in/sites/default/files/2026-03/economic_survey_english_0.pdf,FY2025-26 (presented Mar 2026),NDMC MSW generation,300,TPD,reported (per user),OBSERVED,USER-VERIFIED-OFFICIAL-PDF (assistant could not open it: site disallows automated access),Press corroboration: P32,PRIMARY_2025_26
S03,"GNCTD Planning Dept, Economic Survey of Delhi 2025-26",Statement 8.4,https://delhiplanning.delhi.gov.in/sites/default/files/2026-03/economic_survey_english_0.pdf,FY2025-26 (presented Mar 2026),Delhi Cantonment Board MSW generation,62,TPD,reported (per user),OBSERVED,USER-VERIFIED-OFFICIAL-PDF (assistant could not open it: site disallows automated access),Press corroboration: P32,PRIMARY_2025_26
S04,"GNCTD Planning Dept, Economic Survey of Delhi 2025-26",Statement 8.4,https://delhiplanning.delhi.gov.in/sites/default/files/2026-03/economic_survey_english_0.pdf,FY2025-26 (presented Mar 2026),Delhi total MSW generation,11862,TPD,reported (per user),OBSERVED,USER-VERIFIED-OFFICIAL-PDF (assistant could not open it: site disallows automated access),"Press corroboration: M01, P32; arithmetic 11500+300+62 passes (D2)",PRIMARY_2025_26
S05,"GNCTD Planning Dept, Economic Survey of Delhi 2025-26",Statement 8.4,https://delhiplanning.delhi.gov.in/sites/default/files/2026-03/economic_survey_english_0.pdf,FY2025-26 (presented Mar 2026),MCD wards,250,count,reported (per user),OBSERVED,USER-VERIFIED-OFFICIAL-PDF (assistant could not open it: site disallows automated access),No independent corroboration found,PRIMARY_2025_26
S06,"GNCTD Planning Dept, Economic Survey of Delhi 2025-26",Statement 8.4,https://delhiplanning.delhi.gov.in/sites/default/files/2026-03/economic_survey_english_0.pdf,FY2025-26 (presented Mar 2026),MCD lifting/collection,100,%,reported (per user),OBSERVED,USER-VERIFIED-OFFICIAL-PDF (assistant could not open it: site disallows automated access),Press corroboration: P32 (100% across all three bodies),PRIMARY_2025_26
S07,"GNCTD Planning Dept, Economic Survey of Delhi 2025-26",Statement 8.4,https://delhiplanning.delhi.gov.in/sites/default/files/2026-03/economic_survey_english_0.pdf,FY2025-26 (presented Mar 2026),MCD source segregation (average),59,%,reported (per user),OBSERVED,USER-VERIFIED-OFFICIAL-PDF (assistant could not open it: site disallows automated access),Press corroboration: M01 (about 59%; over 90% in NDMC and cantonment),PRIMARY_2025_26
S08,"GNCTD Planning Dept, Economic Survey of Delhi 2025-26",Statement 14.10,https://delhiplanning.delhi.gov.in/sites/default/files/2026-03/economic_survey_english_0.pdf,FY2025-26 (presented Mar 2026),Okhla WTE capacity,1550,TPD,reported (per user),OBSERVED,USER-VERIFIED-OFFICIAL-PDF (assistant could not open it: site disallows automated access),Press corroboration: only Tribune/MCD Mayor (1550); conflicts with DPCC 1950 (historical); C23,PRIMARY_2025_26
S09,"GNCTD Planning Dept, Economic Survey of Delhi 2025-26",Statement 14.10,https://delhiplanning.delhi.gov.in/sites/default/files/2026-03/economic_survey_english_0.pdf,FY2025-26 (presented Mar 2026),Narela-Bawana integrated facility capacity,2400,TPD,reported (per user),OBSERVED,USER-VERIFIED-OFFICIAL-PDF (assistant could not open it: site disallows automated access),Press corroboration: none found; labelled 'integrated facility'; may include non-WTE capacity (C24/C25),PRIMARY_2025_26
S10,"GNCTD Planning Dept, Economic Survey of Delhi 2025-26",Statement 14.10,https://delhiplanning.delhi.gov.in/sites/default/files/2026-03/economic_survey_english_0.pdf,FY2025-26 (presented Mar 2026),Ghazipur WTE capacity,1300,TPD,reported (per user),OBSERVED,USER-VERIFIED-OFFICIAL-PDF (assistant could not open it: site disallows automated access),Press corroboration: Tribune/MCD Mayor 1300; DPCC 1300,PRIMARY_2025_26
S11,"GNCTD Planning Dept, Economic Survey of Delhi 2025-26",Statement 14.10,https://delhiplanning.delhi.gov.in/sites/default/files/2026-03/economic_survey_english_0.pdf,FY2025-26 (presented Mar 2026),Tehkhand WTE capacity,2000,TPD,reported (per user),OBSERVED,USER-VERIFIED-OFFICIAL-PDF (assistant could not open it: site disallows automated access),Press corroboration: Tribune/MCD Mayor 2000,PRIMARY_2025_26
S12,"GNCTD Planning Dept, Economic Survey of Delhi 2025-26",Statement 14.10,https://delhiplanning.delhi.gov.in/sites/default/files/2026-03/economic_survey_english_0.pdf,FY2025-26 (presented Mar 2026),Composters,20,TPD,reported (per user),OBSERVED,USER-VERIFIED-OFFICIAL-PDF (assistant could not open it: site disallows automated access),Press corroboration: press reports different decentralised figures (C26),PRIMARY_2025_26
S13,"GNCTD Planning Dept, Economic Survey of Delhi 2025-26",Statement 14.10,https://delhiplanning.delhi.gov.in/sites/default/files/2026-03/economic_survey_english_0.pdf,FY2025-26 (presented Mar 2026),Decentralised compost pits,20,TPD,reported (per user),OBSERVED,USER-VERIFIED-OFFICIAL-PDF (assistant could not open it: site disallows automated access),Press corroboration: press reports 257 pits at 558 TPD (M02); C26,PRIMARY_2025_26
S14,"GNCTD Planning Dept, Economic Survey of Delhi 2025-26",Statement 14.10,https://delhiplanning.delhi.gov.in/sites/default/files/2026-03/economic_survey_english_0.pdf,FY2025-26 (presented Mar 2026),MRFs,252,TPD,reported (per user),OBSERVED,USER-VERIFIED-OFFICIAL-PDF (assistant could not open it: site disallows automated access),Press corroboration: press reports 293 TPD (M02); C26,PRIMARY_2025_26
S15,"GNCTD Planning Dept, Economic Survey of Delhi 2025-26",Proposed-capacity table,https://delhiplanning.delhi.gov.in/sites/default/files/2026-03/economic_survey_english_0.pdf,FY2025-26 (presented Mar 2026),Tehkhand expansion: +1000 (2000 to 3000),1000,TPD,reported (per user),OBSERVED,USER-VERIFIED-OFFICIAL-PDF (assistant could not open it: site disallows automated access),"Press corroboration: P21 (press, plans to 2027)",PRIMARY_2025_26
S16,"GNCTD Planning Dept, Economic Survey of Delhi 2025-26",Proposed-capacity table,https://delhiplanning.delhi.gov.in/sites/default/files/2026-03/economic_survey_english_0.pdf,FY2025-26 (presented Mar 2026),Okhla Bio-CNG replacing existing closed 200 TPD compost plant,300,TPD,reported (per user),OBSERVED,USER-VERIFIED-OFFICIAL-PDF (assistant could not open it: site disallows automated access),"No independent corroboration found; NOTE: 'closed' status for the old 200 TPD compost plant is a contextual description within the Bio-CNG proposal, not verified as its own reported status field (C29)",PRIMARY_2025_26
S17,"GNCTD Planning Dept, Economic Survey of Delhi 2025-26",Proposed-capacity table,https://delhiplanning.delhi.gov.in/sites/default/files/2026-03/economic_survey_english_0.pdf,FY2025-26 (presented Mar 2026),Ghazipur CBG,350,TPD,reported (per user),OBSERVED,USER-VERIFIED-OFFICIAL-PDF (assistant could not open it: site disallows automated access),No independent corroboration found,PRIMARY_2025_26
S18,"GNCTD Planning Dept, Economic Survey of Delhi 2025-26",Proposed-capacity table,https://delhiplanning.delhi.gov.in/sites/default/files/2026-03/economic_survey_english_0.pdf,FY2025-26 (presented Mar 2026),"Additional proposed capacity, total",7750,TPD,reported (per user),OBSERVED,USER-VERIFIED-OFFICIAL-PDF (assistant could not open it: site disallows automated access),"Press corroboration: M01 (7750 via new and expanded WTE); itemisation incomplete (D5, C28)",PRIMARY_2025_26
S21,"GNCTD Planning Dept, Economic Survey of Delhi 2025-26",UNSPECIFIED (user to give statement/table),https://delhiplanning.delhi.gov.in/sites/default/files/2026-03/economic_survey_english_0.pdf,FY2025-26 (presented Mar 2026),"MCD MSW generation, other section",12500,TPD,reported (per user),OBSERVED,USER-VERIFIED-OFFICIAL-PDF (assistant could not open it: site disallows automated access),Press corroboration: none; conflicts with S01 (C22),PRIMARY_2025_26
M01,Millennium Post reporting Economic Survey 2025-26,Press report,https://www.millenniumpost.in/delhi/survey-delhi-processes-only-about-63-of-its-daily-waste-653095,Mar 2026,"Generation 11862 (MCD ~11500); collection 100%; processed ~7460 (62.9%); capacity 7641; MCD segregation ~59%; plan +7750 TPD via new/expanded WTE incl. Narela-Bawana, Ghazipur, Okhla, Tehkhand",see value,TPD/%,reported,OBSERVED,PRESS,"Corroborates S01,S04,S06,S07,S18",PRIMARY_2025_26_CORROBORATION
M02,Daily Pioneer reporting Economic Survey 2025-26,Press report,https://dailypioneer.com/news/delhi-faces-4200-tonne-daily-waste-processing-gap,Mar 2026,"Four WTE (Okhla, Ghazipur, Bawana, Tehkhand) 6550 TPD, ~84 MW; 257 compost pits 558 TPD; MRFs 293 TPD",see value,TPD/MW,reported,OBSERVED,PRESS,"Conflicts with S12-S14 and with sum of S08-S11 (C24, C26)",PRIMARY_2025_26_CORROBORATION
D2,LocalLoop check,S01-S04,,FY2025-26,11500+300+62 = 11862,pass,check,derived,DERIVED,n/a,Supports using Statement 8.4 for generation,PRIMARY_2025_26
D3,LocalLoop check,P32/M01,,FY2025-26,7460.3/11862 = 62.9%; 7641/11862 = 64.4%,pass,check,derived,DERIVED,n/a,Percentages match press,PRIMARY_2025_26
D1,LocalLoop check,S08-S11 vs M02,,FY2025-26,1550+2400+1300+2000 = 7250 vs reported 4-WTE total 6550,fail (+700),TPD,derived,DERIVED,n/a,C24,PRIMARY_2025_26
D4,LocalLoop check,"S08-S14, M02, P32",,FY2025-26,Capacity 7641 vs components: 7250+20+20+252 = 7542 (-99); or 6550+558+293 = 7401 (-240),fail,TPD,derived,DERIVED,n/a,C27,PRIMARY_2025_26
D5,LocalLoop check,"S15-S18, P21",,FY2025-26,Items seen: Tehkhand 1000 + Okhla CNG 300 + Ghazipur CBG 350 = 1650 of 7750; adding press-reported Narela-Bawana 3000 + Ghazipur 2000 + Okhla 1000 = 7650,not reconciled,TPD,derived,DERIVED,n/a,C28; need the table,PRIMARY_2025_26
